Model,MAE,MSE,RMSE,R2 Score
Linear Regression,0.946930134162044,2.2697915062602148,1.506582724665398,0.4395723019225032
Ridge Regression,0.9468934782214596,2.2698213560750267,1.5065926310967497,0.4395649317905078
Lasso Regression,0.9191021867715938,2.355014024245274,1.5346054946615022,0.4185302549120148
Decision Tree,1.040269126108005,3.921662740253863,1.9803188481287206,0.031713522543775685
Random Forest,0.8771886241725446,2.7863377296565455,1.6692326769077297,0.3120333583101895
Gradient Boosting,0.8802469579694181,2.755497489104236,1.6599691229370008,0.3196480334789077
Support Vector Regressor,0.7480872161245901,1.6069796836643695,1.2676670239713461,0.6032252643075668
